file	impl	runs	median_realtime_x	min	max
/var/folders/6h/83xm7ljx4sz5njxdhkjsq53h0000gn/T/opencode/mpc-bench-arm64/corpus/amp_asymmetry_32000-q5.mpc	scalar	5	4261.364	3868.472	4282.655
/var/folders/6h/83xm7ljx4sz5njxdhkjsq53h0000gn/T/opencode/mpc-bench-arm64/corpus/amp_asymmetry_32000-q5.mpc	simd	5	6896.551	6857.144	7001.165
/var/folders/6h/83xm7ljx4sz5njxdhkjsq53h0000gn/T/opencode/mpc-bench-arm64/corpus/amp_asymmetry_32000-q7.mpc	scalar	5	3669.723	3389.831	3742.981
/var/folders/6h/83xm7ljx4sz5njxdhkjsq53h0000gn/T/opencode/mpc-bench-arm64/corpus/amp_asymmetry_32000-q7.mpc	simd	5	5524.860	5459.510	5576.207
/var/folders/6h/83xm7ljx4sz5njxdhkjsq53h0000gn/T/opencode/mpc-bench-arm64/corpus/amp_asymmetry_44100-q5.mpc	scalar	5	3188.098	3177.967	3250.271
/var/folders/6h/83xm7ljx4sz5njxdhkjsq53h0000gn/T/opencode/mpc-bench-arm64/corpus/amp_asymmetry_44100-q5.mpc	simd	5	5338.077	4815.410	5376.346
/var/folders/6h/83xm7ljx4sz5njxdhkjsq53h0000gn/T/opencode/mpc-bench-arm64/corpus/amp_asymmetry_44100-q7.mpc	scalar	5	2815.580	2791.996	2879.079
/var/folders/6h/83xm7ljx4sz5njxdhkjsq53h0000gn/T/opencode/mpc-bench-arm64/corpus/amp_asymmetry_44100-q7.mpc	simd	5	4457.652	3280.482	4504.506
/var/folders/6h/83xm7ljx4sz5njxdhkjsq53h0000gn/T/opencode/mpc-bench-arm64/corpus/amp_asymmetry_48000-q5.mpc	scalar	5	2921.130	2902.757	2938.296
/var/folders/6h/83xm7ljx4sz5njxdhkjsq53h0000gn/T/opencode/mpc-bench-arm64/corpus/amp_asymmetry_48000-q5.mpc	simd	5	4181.186	2623.525	4882.020
/var/folders/6h/83xm7ljx4sz5njxdhkjsq53h0000gn/T/opencode/mpc-bench-arm64/corpus/amp_asymmetry_48000-q7.mpc	scalar	5	2547.771	2321.083	2654.867
/var/folders/6h/83xm7ljx4sz5njxdhkjsq53h0000gn/T/opencode/mpc-bench-arm64/corpus/amp_asymmetry_48000-q7.mpc	simd	5	4087.195	1305.199	4101.163
/var/folders/6h/83xm7ljx4sz5njxdhkjsq53h0000gn/T/opencode/mpc-bench-arm64/corpus/chirp_32000-q5.mpc	scalar	5	4528.300	4297.995	4552.354
/var/folders/6h/83xm7ljx4sz5njxdhkjsq53h0000gn/T/opencode/mpc-bench-arm64/corpus/chirp_32000-q5.mpc	simd	5	7528.224	3018.109	7712.079
/var/folders/6h/83xm7ljx4sz5njxdhkjsq53h0000gn/T/opencode/mpc-bench-arm64/corpus/chirp_32000-q7.mpc	scalar	5	4010.696	3773.585	4051.317
/var/folders/6h/83xm7ljx4sz5njxdhkjsq53h0000gn/T/opencode/mpc-bench-arm64/corpus/chirp_32000-q7.mpc	simd	5	5976.094	2751.032	6250.001
/var/folders/6h/83xm7ljx4sz5njxdhkjsq53h0000gn/T/opencode/mpc-bench-arm64/corpus/chirp_44100-q5.mpc	scalar	5	3386.005	3368.893	3444.318
/var/folders/6h/83xm7ljx4sz5njxdhkjsq53h0000gn/T/opencode/mpc-bench-arm64/corpus/chirp_44100-q5.mpc	simd	5	5644.400	1498.876	5940.593
/var/folders/6h/83xm7ljx4sz5njxdhkjsq53h0000gn/T/opencode/mpc-bench-arm64/corpus/chirp_44100-q7.mpc	scalar	5	3128.258	2775.209	3171.247
/var/folders/6h/83xm7ljx4sz5njxdhkjsq53h0000gn/T/opencode/mpc-bench-arm64/corpus/chirp_44100-q7.mpc	simd	5	5089.057	728.509	5136.986
/var/folders/6h/83xm7ljx4sz5njxdhkjsq53h0000gn/T/opencode/mpc-bench-arm64/corpus/chirp_48000-q5.mpc	scalar	5	3092.784	2998.500	3116.884
/var/folders/6h/83xm7ljx4sz5njxdhkjsq53h0000gn/T/opencode/mpc-bench-arm64/corpus/chirp_48000-q5.mpc	simd	5	5464.481	2623.524	5535.056
/var/folders/6h/83xm7ljx4sz5njxdhkjsq53h0000gn/T/opencode/mpc-bench-arm64/corpus/chirp_48000-q7.mpc	scalar	5	2891.566	2863.961	2926.829
/var/folders/6h/83xm7ljx4sz5njxdhkjsq53h0000gn/T/opencode/mpc-bench-arm64/corpus/chirp_48000-q7.mpc	simd	5	4761.905	4428.045	4893.964
/var/folders/6h/83xm7ljx4sz5njxdhkjsq53h0000gn/T/opencode/mpc-bench-arm64/corpus/clipping_edge_32000-q5.mpc	scalar	5	2009.377	1944.264	2063.274
/var/folders/6h/83xm7ljx4sz5njxdhkjsq53h0000gn/T/opencode/mpc-bench-arm64/corpus/clipping_edge_32000-q5.mpc	simd	5	2417.405	1157.407	2514.669
/var/folders/6h/83xm7ljx4sz5njxdhkjsq53h0000gn/T/opencode/mpc-bench-arm64/corpus/clipping_edge_32000-q7.mpc	scalar	5	1854.714	1793.722	1884.422
/var/folders/6h/83xm7ljx4sz5njxdhkjsq53h0000gn/T/opencode/mpc-bench-arm64/corpus/clipping_edge_32000-q7.mpc	simd	5	2205.883	1739.635	2231.313
/var/folders/6h/83xm7ljx4sz5njxdhkjsq53h0000gn/T/opencode/mpc-bench-arm64/corpus/clipping_edge_44100-q5.mpc	scalar	5	1584.367	1564.130	1628.223
/var/folders/6h/83xm7ljx4sz5njxdhkjsq53h0000gn/T/opencode/mpc-bench-arm64/corpus/clipping_edge_44100-q5.mpc	simd	5	2007.360	1937.984	2043.597
/var/folders/6h/83xm7ljx4sz5njxdhkjsq53h0000gn/T/opencode/mpc-bench-arm64/corpus/clipping_edge_44100-q7.mpc	scalar	5	1472.031	1430.956	1490.683
/var/folders/6h/83xm7ljx4sz5njxdhkjsq53h0000gn/T/opencode/mpc-bench-arm64/corpus/clipping_edge_44100-q7.mpc	simd	5	1828.154	1794.795	1840.491
/var/folders/6h/83xm7ljx4sz5njxdhkjsq53h0000gn/T/opencode/mpc-bench-arm64/corpus/clipping_edge_48000-q5.mpc	scalar	5	1605.566	1536.099	1619.870
/var/folders/6h/83xm7ljx4sz5njxdhkjsq53h0000gn/T/opencode/mpc-bench-arm64/corpus/clipping_edge_48000-q5.mpc	simd	5	2030.457	1852.424	2079.002
/var/folders/6h/83xm7ljx4sz5njxdhkjsq53h0000gn/T/opencode/mpc-bench-arm64/corpus/clipping_edge_48000-q7.mpc	scalar	5	1408.451	1396.323	1448.576
/var/folders/6h/83xm7ljx4sz5njxdhkjsq53h0000gn/T/opencode/mpc-bench-arm64/corpus/clipping_edge_48000-q7.mpc	simd	5	1772.002	1752.336	1783.591
/var/folders/6h/83xm7ljx4sz5njxdhkjsq53h0000gn/T/opencode/mpc-bench-arm64/corpus/full_scale_32000-q5.mpc	scalar	5	4192.874	3271.538	4246.284
/var/folders/6h/83xm7ljx4sz5njxdhkjsq53h0000gn/T/opencode/mpc-bench-arm64/corpus/full_scale_32000-q5.mpc	simd	5	6615.214	5882.354	6857.144
/var/folders/6h/83xm7ljx4sz5njxdhkjsq53h0000gn/T/opencode/mpc-bench-arm64/corpus/full_scale_32000-q7.mpc	scalar	5	3880.983	3729.024	3934.427
/var/folders/6h/83xm7ljx4sz5njxdhkjsq53h0000gn/T/opencode/mpc-bench-arm64/corpus/full_scale_32000-q7.mpc	simd	5	5982.054	5893.911	6109.979
/var/folders/6h/83xm7ljx4sz5njxdhkjsq53h0000gn/T/opencode/mpc-bench-arm64/corpus/full_scale_44100-q5.mpc	scalar	5	3139.717	3107.198	3213.712
/var/folders/6h/83xm7ljx4sz5njxdhkjsq53h0000gn/T/opencode/mpc-bench-arm64/corpus/full_scale_44100-q5.mpc	simd	5	5154.639	5145.795	5272.411
/var/folders/6h/83xm7ljx4sz5njxdhkjsq53h0000gn/T/opencode/mpc-bench-arm64/corpus/full_scale_44100-q7.mpc	scalar	5	2883.230	2776.492	2906.977
/var/folders/6h/83xm7ljx4sz5njxdhkjsq53h0000gn/T/opencode/mpc-bench-arm64/corpus/full_scale_44100-q7.mpc	simd	5	4633.205	4611.836	4633.207
/var/folders/6h/83xm7ljx4sz5njxdhkjsq53h0000gn/T/opencode/mpc-bench-arm64/corpus/full_scale_48000-q5.mpc	scalar	5	2912.622	2888.782	2974.715
/var/folders/6h/83xm7ljx4sz5njxdhkjsq53h0000gn/T/opencode/mpc-bench-arm64/corpus/full_scale_48000-q5.mpc	simd	5	4823.154	4815.409	4934.209
/var/folders/6h/83xm7ljx4sz5njxdhkjsq53h0000gn/T/opencode/mpc-bench-arm64/corpus/full_scale_48000-q7.mpc	scalar	5	2706.360	2671.415	2767.529
/var/folders/6h/83xm7ljx4sz5njxdhkjsq53h0000gn/T/opencode/mpc-bench-arm64/corpus/full_scale_48000-q7.mpc	simd	5	4101.161	3886.010	4316.547
/var/folders/6h/83xm7ljx4sz5njxdhkjsq53h0000gn/T/opencode/mpc-bench-arm64/corpus/high_dynamic_32000-q5.mpc	scalar	5	4451.037	4357.298	4531.723
/var/folders/6h/83xm7ljx4sz5njxdhkjsq53h0000gn/T/opencode/mpc-bench-arm64/corpus/high_dynamic_32000-q5.mpc	simd	5	7371.010	7194.246	7518.792
/var/folders/6h/83xm7ljx4sz5njxdhkjsq53h0000gn/T/opencode/mpc-bench-arm64/corpus/high_dynamic_32000-q7.mpc	scalar	5	3722.083	2773.925	3775.959
/var/folders/6h/83xm7ljx4sz5njxdhkjsq53h0000gn/T/opencode/mpc-bench-arm64/corpus/high_dynamic_32000-q7.mpc	simd	5	5660.377	5361.931	5769.231
/var/folders/6h/83xm7ljx4sz5njxdhkjsq53h0000gn/T/opencode/mpc-bench-arm64/corpus/high_dynamic_44100-q5.mpc	scalar	5	3436.426	3225.806	3510.825
/var/folders/6h/83xm7ljx4sz5njxdhkjsq53h0000gn/T/opencode/mpc-bench-arm64/corpus/high_dynamic_44100-q5.mpc	simd	5	6122.446	5917.161	6198.348
/var/folders/6h/83xm7ljx4sz5njxdhkjsq53h0000gn/T/opencode/mpc-bench-arm64/corpus/high_dynamic_44100-q7.mpc	scalar	5	3262.642	3134.795	3337.042
/var/folders/6h/83xm7ljx4sz5njxdhkjsq53h0000gn/T/opencode/mpc-bench-arm64/corpus/high_dynamic_44100-q7.mpc	simd	5	5474.453	1509.054	5623.243
/var/folders/6h/83xm7ljx4sz5njxdhkjsq53h0000gn/T/opencode/mpc-bench-arm64/corpus/high_dynamic_48000-q5.mpc	scalar	5	3134.796	3047.232	3154.575
/var/folders/6h/83xm7ljx4sz5njxdhkjsq53h0000gn/T/opencode/mpc-bench-arm64/corpus/high_dynamic_48000-q5.mpc	simd	5	5499.541	1592.779	5623.240
/var/folders/6h/83xm7ljx4sz5njxdhkjsq53h0000gn/T/opencode/mpc-bench-arm64/corpus/high_dynamic_48000-q7.mpc	scalar	5	2922.552	2898.550	2988.047
/var/folders/6h/83xm7ljx4sz5njxdhkjsq53h0000gn/T/opencode/mpc-bench-arm64/corpus/high_dynamic_48000-q7.mpc	simd	5	4885.993	4555.809	4987.533
/var/folders/6h/83xm7ljx4sz5njxdhkjsq53h0000gn/T/opencode/mpc-bench-arm64/corpus/impulse_32000-q5.mpc	scalar	5	5342.832	4746.836	5371.531
/var/folders/6h/83xm7ljx4sz5njxdhkjsq53h0000gn/T/opencode/mpc-bench-arm64/corpus/impulse_32000-q5.mpc	simd	5	10221.464	10152.283	10273.960
/var/folders/6h/83xm7ljx4sz5njxdhkjsq53h0000gn/T/opencode/mpc-bench-arm64/corpus/impulse_32000-q7.mpc	scalar	5	5319.148	5235.603	5371.531
/var/folders/6h/83xm7ljx4sz5njxdhkjsq53h0000gn/T/opencode/mpc-bench-arm64/corpus/impulse_32000-q7.mpc	simd	5	10256.410	6355.937	10362.695
/var/folders/6h/83xm7ljx4sz5njxdhkjsq53h0000gn/T/opencode/mpc-bench-arm64/corpus/impulse_44100-q5.mpc	scalar	5	3947.367	3898.635	3981.421
/var/folders/6h/83xm7ljx4sz5njxdhkjsq53h0000gn/T/opencode/mpc-bench-arm64/corpus/impulse_44100-q5.mpc	simd	5	7672.631	2673.796	7702.177
/var/folders/6h/83xm7ljx4sz5njxdhkjsq53h0000gn/T/opencode/mpc-bench-arm64/corpus/impulse_44100-q7.mpc	scalar	5	3886.009	3878.475	3955.174
/var/folders/6h/83xm7ljx4sz5njxdhkjsq53h0000gn/T/opencode/mpc-bench-arm64/corpus/impulse_44100-q7.mpc	simd	5	7434.941	4683.842	7481.292
/var/folders/6h/83xm7ljx4sz5njxdhkjsq53h0000gn/T/opencode/mpc-bench-arm64/corpus/impulse_48000-q5.mpc	scalar	5	3590.664	3548.195	3616.638
/var/folders/6h/83xm7ljx4sz5njxdhkjsq53h0000gn/T/opencode/mpc-bench-arm64/corpus/impulse_48000-q5.mpc	simd	5	6535.951	2251.407	7025.761
/var/folders/6h/83xm7ljx4sz5njxdhkjsq53h0000gn/T/opencode/mpc-bench-arm64/corpus/impulse_48000-q7.mpc	scalar	5	3546.099	877.449	3618.817
/var/folders/6h/83xm7ljx4sz5njxdhkjsq53h0000gn/T/opencode/mpc-bench-arm64/corpus/impulse_48000-q7.mpc	simd	5	6802.720	1722.653	7001.169
/var/folders/6h/83xm7ljx4sz5njxdhkjsq53h0000gn/T/opencode/mpc-bench-arm64/corpus/impulses_offset_32000-q5.mpc	scalar	5	4709.576	1807.773	4866.179
/var/folders/6h/83xm7ljx4sz5njxdhkjsq53h0000gn/T/opencode/mpc-bench-arm64/corpus/impulses_offset_32000-q5.mpc	simd	5	8450.701	2942.619	8486.568
/var/folders/6h/83xm7ljx4sz5njxdhkjsq53h0000gn/T/opencode/mpc-bench-arm64/corpus/impulses_offset_32000-q7.mpc	scalar	5	4788.508	2951.304	4897.960
/var/folders/6h/83xm7ljx4sz5njxdhkjsq53h0000gn/T/opencode/mpc-bench-arm64/corpus/impulses_offset_32000-q7.mpc	simd	5	8462.623	2673.797	8608.322
/var/folders/6h/83xm7ljx4sz5njxdhkjsq53h0000gn/T/opencode/mpc-bench-arm64/corpus/impulses_offset_44100-q5.mpc	scalar	5	3703.705	702.083	3790.272
/var/folders/6h/83xm7ljx4sz5njxdhkjsq53h0000gn/T/opencode/mpc-bench-arm64/corpus/impulses_offset_44100-q5.mpc	simd	5	7017.546	6718.921	7142.858
/var/folders/6h/83xm7ljx4sz5njxdhkjsq53h0000gn/T/opencode/mpc-bench-arm64/corpus/impulses_offset_44100-q7.mpc	scalar	5	3699.136	3464.203	3768.843
/var/folders/6h/83xm7ljx4sz5njxdhkjsq53h0000gn/T/opencode/mpc-bench-arm64/corpus/impulses_offset_44100-q7.mpc	simd	5	6912.445	6451.612	7009.346
/var/folders/6h/83xm7ljx4sz5njxdhkjsq53h0000gn/T/opencode/mpc-bench-arm64/corpus/impulses_offset_48000-q5.mpc	scalar	5	3426.614	1226.994	3454.232
/var/folders/6h/83xm7ljx4sz5njxdhkjsq53h0000gn/T/opencode/mpc-bench-arm64/corpus/impulses_offset_48000-q5.mpc	simd	5	6410.259	2242.153	6521.736
/var/folders/6h/83xm7ljx4sz5njxdhkjsq53h0000gn/T/opencode/mpc-bench-arm64/corpus/impulses_offset_48000-q7.mpc	scalar	5	3382.187	2348.337	3403.289
/var/folders/6h/83xm7ljx4sz5njxdhkjsq53h0000gn/T/opencode/mpc-bench-arm64/corpus/impulses_offset_48000-q7.mpc	simd	5	6147.541	2217.295	6329.115
/var/folders/6h/83xm7ljx4sz5njxdhkjsq53h0000gn/T/opencode/mpc-bench-arm64/corpus/l_freq_a_r_freq_b_32000-q5.mpc	scalar	5	4118.052	3747.657	4189.944
/var/folders/6h/83xm7ljx4sz5njxdhkjsq53h0000gn/T/opencode/mpc-bench-arm64/corpus/l_freq_a_r_freq_b_32000-q5.mpc	simd	5	6479.484	2877.698	6557.382
/var/folders/6h/83xm7ljx4sz5njxdhkjsq53h0000gn/T/opencode/mpc-bench-arm64/corpus/l_freq_a_r_freq_b_32000-q7.mpc	scalar	5	3164.558	3094.379	3225.806
/var/folders/6h/83xm7ljx4sz5njxdhkjsq53h0000gn/T/opencode/mpc-bench-arm64/corpus/l_freq_a_r_freq_b_32000-q7.mpc	simd	5	4415.011	2121.641	4457.652
/var/folders/6h/83xm7ljx4sz5njxdhkjsq53h0000gn/T/opencode/mpc-bench-arm64/corpus/l_freq_a_r_freq_b_44100-q5.mpc	scalar	5	3097.573	3065.917	3152.916
/var/folders/6h/83xm7ljx4sz5njxdhkjsq53h0000gn/T/opencode/mpc-bench-arm64/corpus/l_freq_a_r_freq_b_44100-q5.mpc	simd	5	5012.531	1695.873	5102.040
/var/folders/6h/83xm7ljx4sz5njxdhkjsq53h0000gn/T/opencode/mpc-bench-arm64/corpus/l_freq_a_r_freq_b_44100-q7.mpc	scalar	5	2697.842	2354.788	2735.978
/var/folders/6h/83xm7ljx4sz5njxdhkjsq53h0000gn/T/opencode/mpc-bench-arm64/corpus/l_freq_a_r_freq_b_44100-q7.mpc	simd	5	4008.017	1882.648	4123.711
/var/folders/6h/83xm7ljx4sz5njxdhkjsq53h0000gn/T/opencode/mpc-bench-arm64/corpus/l_freq_a_r_freq_b_48000-q5.mpc	scalar	5	2898.550	2381.897	2942.618
/var/folders/6h/83xm7ljx4sz5njxdhkjsq53h0000gn/T/opencode/mpc-bench-arm64/corpus/l_freq_a_r_freq_b_48000-q5.mpc	simd	5	4758.128	1863.354	4769.478
/var/folders/6h/83xm7ljx4sz5njxdhkjsq53h0000gn/T/opencode/mpc-bench-arm64/corpus/l_freq_a_r_freq_b_48000-q7.mpc	scalar	5	2485.501	2442.002	2556.455
/var/folders/6h/83xm7ljx4sz5njxdhkjsq53h0000gn/T/opencode/mpc-bench-arm64/corpus/l_freq_a_r_freq_b_48000-q7.mpc	simd	5	3592.814	2888.782	3908.794
/var/folders/6h/83xm7ljx4sz5njxdhkjsq53h0000gn/T/opencode/mpc-bench-arm64/corpus/l_impulse_r_tone_32000-q5.mpc	scalar	5	4279.601	3963.013	4437.868
/var/folders/6h/83xm7ljx4sz5njxdhkjsq53h0000gn/T/opencode/mpc-bench-arm64/corpus/l_impulse_r_tone_32000-q5.mpc	simd	5	6984.868	3523.194	7185.632
/var/folders/6h/83xm7ljx4sz5njxdhkjsq53h0000gn/T/opencode/mpc-bench-arm64/corpus/l_impulse_r_tone_32000-q7.mpc	scalar	5	3654.081	3603.604	3701.419
/var/folders/6h/83xm7ljx4sz5njxdhkjsq53h0000gn/T/opencode/mpc-bench-arm64/corpus/l_impulse_r_tone_32000-q7.mpc	simd	5	5376.344	5342.832	5529.953
/var/folders/6h/83xm7ljx4sz5njxdhkjsq53h0000gn/T/opencode/mpc-bench-arm64/corpus/l_impulse_r_tone_44100-q5.mpc	scalar	5	3257.330	3186.404	3325.942
/var/folders/6h/83xm7ljx4sz5njxdhkjsq53h0000gn/T/opencode/mpc-bench-arm64/corpus/l_impulse_r_tone_44100-q5.mpc	simd	5	5586.593	3516.999	5607.478
/var/folders/6h/83xm7ljx4sz5njxdhkjsq53h0000gn/T/opencode/mpc-bench-arm64/corpus/l_impulse_r_tone_44100-q7.mpc	scalar	5	2901.353	2843.602	2944.063
/var/folders/6h/83xm7ljx4sz5njxdhkjsq53h0000gn/T/opencode/mpc-bench-arm64/corpus/l_impulse_r_tone_44100-q7.mpc	simd	5	4555.809	1192.843	4636.785
/var/folders/6h/83xm7ljx4sz5njxdhkjsq53h0000gn/T/opencode/mpc-bench-arm64/corpus/l_impulse_r_tone_48000-q5.mpc	scalar	5	3041.054	2798.507	3176.284
/var/folders/6h/83xm7ljx4sz5njxdhkjsq53h0000gn/T/opencode/mpc-bench-arm64/corpus/l_impulse_r_tone_48000-q5.mpc	simd	5	5314.438	4838.709	5509.644
/var/folders/6h/83xm7ljx4sz5njxdhkjsq53h0000gn/T/opencode/mpc-bench-arm64/corpus/l_impulse_r_tone_48000-q7.mpc	scalar	5	2806.361	2574.002	2888.782
/var/folders/6h/83xm7ljx4sz5njxdhkjsq53h0000gn/T/opencode/mpc-bench-arm64/corpus/l_impulse_r_tone_48000-q7.mpc	simd	5	4611.839	3436.426	4777.069
/var/folders/6h/83xm7ljx4sz5njxdhkjsq53h0000gn/T/opencode/mpc-bench-arm64/corpus/l_silence_r_sine_32000-q5.mpc	scalar	5	4796.161	4709.576	4819.277
/var/folders/6h/83xm7ljx4sz5njxdhkjsq53h0000gn/T/opencode/mpc-bench-arm64/corpus/l_silence_r_sine_32000-q5.mpc	simd	5	8403.363	7832.900	8462.623
/var/folders/6h/83xm7ljx4sz5njxdhkjsq53h0000gn/T/opencode/mpc-bench-arm64/corpus/l_silence_r_sine_32000-q7.mpc	scalar	5	4002.668	3623.188	4029.551
/var/folders/6h/83xm7ljx4sz5njxdhkjsq53h0000gn/T/opencode/mpc-bench-arm64/corpus/l_silence_r_sine_32000-q7.mpc	simd	5	6109.982	5911.330	6204.756
/var/folders/6h/83xm7ljx4sz5njxdhkjsq53h0000gn/T/opencode/mpc-bench-arm64/corpus/l_silence_r_sine_44100-q5.mpc	scalar	5	3521.128	3460.207	3558.720
/var/folders/6h/83xm7ljx4sz5njxdhkjsq53h0000gn/T/opencode/mpc-bench-arm64/corpus/l_silence_r_sine_44100-q5.mpc	simd	5	6185.567	5964.213	6315.788
/var/folders/6h/83xm7ljx4sz5njxdhkjsq53h0000gn/T/opencode/mpc-bench-arm64/corpus/l_silence_r_sine_44100-q7.mpc	scalar	5	3116.883	3028.774	3157.895
/var/folders/6h/83xm7ljx4sz5njxdhkjsq53h0000gn/T/opencode/mpc-bench-arm64/corpus/l_silence_r_sine_44100-q7.mpc	simd	5	5226.481	4819.277	5244.754
/var/folders/6h/83xm7ljx4sz5njxdhkjsq53h0000gn/T/opencode/mpc-bench-arm64/corpus/l_silence_r_sine_48000-q5.mpc	scalar	5	3205.128	3133.159	3259.098
/var/folders/6h/83xm7ljx4sz5njxdhkjsq53h0000gn/T/opencode/mpc-bench-arm64/corpus/l_silence_r_sine_48000-q5.mpc	simd	5	5774.785	5529.953	5791.509
/var/folders/6h/83xm7ljx4sz5njxdhkjsq53h0000gn/T/opencode/mpc-bench-arm64/corpus/l_silence_r_sine_48000-q7.mpc	scalar	5	2958.580	1221.250	3033.367
/var/folders/6h/83xm7ljx4sz5njxdhkjsq53h0000gn/T/opencode/mpc-bench-arm64/corpus/l_silence_r_sine_48000-q7.mpc	simd	5	4999.999	4942.342	5093.380
/var/folders/6h/83xm7ljx4sz5njxdhkjsq53h0000gn/T/opencode/mpc-bench-arm64/corpus/l_sine_r_noise_32000-q5.mpc	scalar	5	3128.259	1732.102	3200.001
/var/folders/6h/83xm7ljx4sz5njxdhkjsq53h0000gn/T/opencode/mpc-bench-arm64/corpus/l_sine_r_noise_32000-q5.mpc	simd	5	4402.055	4376.368	4444.446
/var/folders/6h/83xm7ljx4sz5njxdhkjsq53h0000gn/T/opencode/mpc-bench-arm64/corpus/l_sine_r_noise_32000-q7.mpc	scalar	5	2612.102	1392.434	2701.486
/var/folders/6h/83xm7ljx4sz5njxdhkjsq53h0000gn/T/opencode/mpc-bench-arm64/corpus/l_sine_r_noise_32000-q7.mpc	simd	5	3466.204	3125.000	3504.674
/var/folders/6h/83xm7ljx4sz5njxdhkjsq53h0000gn/T/opencode/mpc-bench-arm64/corpus/l_sine_r_noise_44100-q5.mpc	scalar	5	2404.810	1032.880	2412.546
/var/folders/6h/83xm7ljx4sz5njxdhkjsq53h0000gn/T/opencode/mpc-bench-arm64/corpus/l_sine_r_noise_44100-q5.mpc	simd	5	3452.244	3414.912	3492.432
/var/folders/6h/83xm7ljx4sz5njxdhkjsq53h0000gn/T/opencode/mpc-bench-arm64/corpus/l_sine_r_noise_44100-q7.mpc	scalar	5	2019.523	993.213	2074.689
/var/folders/6h/83xm7ljx4sz5njxdhkjsq53h0000gn/T/opencode/mpc-bench-arm64/corpus/l_sine_r_noise_44100-q7.mpc	simd	5	2737.226	2612.103	2764.977
/var/folders/6h/83xm7ljx4sz5njxdhkjsq53h0000gn/T/opencode/mpc-bench-arm64/corpus/l_sine_r_noise_48000-q5.mpc	scalar	5	2193.784	1503.383	2265.861
/var/folders/6h/83xm7ljx4sz5njxdhkjsq53h0000gn/T/opencode/mpc-bench-arm64/corpus/l_sine_r_noise_48000-q5.mpc	simd	5	3217.158	3156.233	3329.633
/var/folders/6h/83xm7ljx4sz5njxdhkjsq53h0000gn/T/opencode/mpc-bench-arm64/corpus/l_sine_r_noise_48000-q7.mpc	scalar	5	1917.546	1416.765	1948.052
/var/folders/6h/83xm7ljx4sz5njxdhkjsq53h0000gn/T/opencode/mpc-bench-arm64/corpus/l_sine_r_noise_48000-q7.mpc	simd	5	2613.241	2564.102	2667.853
/var/folders/6h/83xm7ljx4sz5njxdhkjsq53h0000gn/T/opencode/mpc-bench-arm64/corpus/l_sine_r_silence_32000-q5.mpc	scalar	5	4807.690	4587.155	4811.546
/var/folders/6h/83xm7ljx4sz5njxdhkjsq53h0000gn/T/opencode/mpc-bench-arm64/corpus/l_sine_r_silence_32000-q5.mpc	simd	5	8275.865	8086.248	8426.968
/var/folders/6h/83xm7ljx4sz5njxdhkjsq53h0000gn/T/opencode/mpc-bench-arm64/corpus/l_sine_r_silence_32000-q7.mpc	scalar	5	3955.173	2111.933	4048.583
/var/folders/6h/83xm7ljx4sz5njxdhkjsq53h0000gn/T/opencode/mpc-bench-arm64/corpus/l_sine_r_silence_32000-q7.mpc	simd	5	6211.178	5819.592	6276.149
/var/folders/6h/83xm7ljx4sz5njxdhkjsq53h0000gn/T/opencode/mpc-bench-arm64/corpus/l_sine_r_silence_44100-q5.mpc	scalar	5	3486.345	1443.348	3527.337
/var/folders/6h/83xm7ljx4sz5njxdhkjsq53h0000gn/T/opencode/mpc-bench-arm64/corpus/l_sine_r_silence_44100-q5.mpc	simd	5	6282.722	6191.949	6329.112
/var/folders/6h/83xm7ljx4sz5njxdhkjsq53h0000gn/T/opencode/mpc-bench-arm64/corpus/l_sine_r_silence_44100-q7.mpc	scalar	5	3139.717	2073.972	3188.097
/var/folders/6h/83xm7ljx4sz5njxdhkjsq53h0000gn/T/opencode/mpc-bench-arm64/corpus/l_sine_r_silence_44100-q7.mpc	simd	5	5141.387	4909.982	5208.332
/var/folders/6h/83xm7ljx4sz5njxdhkjsq53h0000gn/T/opencode/mpc-bench-arm64/corpus/l_sine_r_silence_48000-q5.mpc	scalar	5	3161.222	929.368	3264.418
/var/folders/6h/83xm7ljx4sz5njxdhkjsq53h0000gn/T/opencode/mpc-bench-arm64/corpus/l_sine_r_silence_48000-q5.mpc	simd	5	5665.723	5529.953	5774.782
/var/folders/6h/83xm7ljx4sz5njxdhkjsq53h0000gn/T/opencode/mpc-bench-arm64/corpus/l_sine_r_silence_48000-q7.mpc	scalar	5	2965.893	1036.448	3039.513
/var/folders/6h/83xm7ljx4sz5njxdhkjsq53h0000gn/T/opencode/mpc-bench-arm64/corpus/l_sine_r_silence_48000-q7.mpc	simd	5	4983.387	4914.006	5042.018
/var/folders/6h/83xm7ljx4sz5njxdhkjsq53h0000gn/T/opencode/mpc-bench-arm64/corpus/long_30s-q5.mpc	scalar	5	1870.208	1737.955	1877.190
/var/folders/6h/83xm7ljx4sz5njxdhkjsq53h0000gn/T/opencode/mpc-bench-arm64/corpus/long_30s-q5.mpc	simd	5	2441.605	1690.967	2459.151
/var/folders/6h/83xm7ljx4sz5njxdhkjsq53h0000gn/T/opencode/mpc-bench-arm64/corpus/long_30s-q7.mpc	scalar	5	1605.967	1180.328	1626.134
/var/folders/6h/83xm7ljx4sz5njxdhkjsq53h0000gn/T/opencode/mpc-bench-arm64/corpus/long_30s-q7.mpc	simd	5	2021.745	2014.685	2033.806
/var/folders/6h/83xm7ljx4sz5njxdhkjsq53h0000gn/T/opencode/mpc-bench-arm64/corpus/long_60s-q5.mpc	scalar	5	1868.111	1865.034	1887.920
/var/folders/6h/83xm7ljx4sz5njxdhkjsq53h0000gn/T/opencode/mpc-bench-arm64/corpus/long_60s-q5.mpc	simd	5	2444.058	2442.732	2449.413
/var/folders/6h/83xm7ljx4sz5njxdhkjsq53h0000gn/T/opencode/mpc-bench-arm64/corpus/long_60s-q7.mpc	scalar	5	1625.223	1613.901	1633.542
/var/folders/6h/83xm7ljx4sz5njxdhkjsq53h0000gn/T/opencode/mpc-bench-arm64/corpus/long_60s-q7.mpc	simd	5	2033.829	2015.294	2038.297
/var/folders/6h/83xm7ljx4sz5njxdhkjsq53h0000gn/T/opencode/mpc-bench-arm64/corpus/mono_sine_32000-q5.mpc	scalar	5	4716.980	4562.738	4754.361
/var/folders/6h/83xm7ljx4sz5njxdhkjsq53h0000gn/T/opencode/mpc-bench-arm64/corpus/mono_sine_32000-q5.mpc	simd	5	8230.450	8108.108	8450.701
/var/folders/6h/83xm7ljx4sz5njxdhkjsq53h0000gn/T/opencode/mpc-bench-arm64/corpus/mono_sine_32000-q7.mpc	scalar	5	3911.344	3631.960	3921.569
/var/folders/6h/83xm7ljx4sz5njxdhkjsq53h0000gn/T/opencode/mpc-bench-arm64/corpus/mono_sine_32000-q7.mpc	simd	5	6036.214	6018.055	6179.199
/var/folders/6h/83xm7ljx4sz5njxdhkjsq53h0000gn/T/opencode/mpc-bench-arm64/corpus/mono_sine_44100-q5.mpc	scalar	5	3478.261	3380.281	3514.938
/var/folders/6h/83xm7ljx4sz5njxdhkjsq53h0000gn/T/opencode/mpc-bench-arm64/corpus/mono_sine_44100-q5.mpc	simd	5	6198.345	5847.951	6342.493
/var/folders/6h/83xm7ljx4sz5njxdhkjsq53h0000gn/T/opencode/mpc-bench-arm64/corpus/mono_sine_44100-q7.mpc	scalar	5	3159.557	3069.054	3176.283
/var/folders/6h/83xm7ljx4sz5njxdhkjsq53h0000gn/T/opencode/mpc-bench-arm64/corpus/mono_sine_44100-q7.mpc	simd	5	5097.705	5046.257	5194.804
/var/folders/6h/83xm7ljx4sz5njxdhkjsq53h0000gn/T/opencode/mpc-bench-arm64/corpus/mono_sine_48000-q5.mpc	scalar	5	3259.099	3167.899	3262.643
/var/folders/6h/83xm7ljx4sz5njxdhkjsq53h0000gn/T/opencode/mpc-bench-arm64/corpus/mono_sine_48000-q5.mpc	simd	5	5785.920	5660.377	5791.506
/var/folders/6h/83xm7ljx4sz5njxdhkjsq53h0000gn/T/opencode/mpc-bench-arm64/corpus/mono_sine_48000-q7.mpc	scalar	5	3021.148	2985.075	3031.834
/var/folders/6h/83xm7ljx4sz5njxdhkjsq53h0000gn/T/opencode/mpc-bench-arm64/corpus/mono_sine_48000-q7.mpc	simd	5	5059.023	4922.066	5093.380
/var/folders/6h/83xm7ljx4sz5njxdhkjsq53h0000gn/T/opencode/mpc-bench-arm64/corpus/odd_stereo_sine_32000-q5.mpc	scalar	5	4282.723	4169.629	4301.142
/var/folders/6h/83xm7ljx4sz5njxdhkjsq53h0000gn/T/opencode/mpc-bench-arm64/corpus/odd_stereo_sine_32000-q5.mpc	simd	5	6888.746	6704.015	6968.752
/var/folders/6h/83xm7ljx4sz5njxdhkjsq53h0000gn/T/opencode/mpc-bench-arm64/corpus/odd_stereo_sine_32000-q7.mpc	scalar	5	3282.328	3196.641	3311.311
/var/folders/6h/83xm7ljx4sz5njxdhkjsq53h0000gn/T/opencode/mpc-bench-arm64/corpus/odd_stereo_sine_32000-q7.mpc	simd	5	4739.411	4611.911	4811.623
/var/folders/6h/83xm7ljx4sz5njxdhkjsq53h0000gn/T/opencode/mpc-bench-arm64/corpus/odd_stereo_sine_44100-q5.mpc	scalar	5	3151.296	3025.754	3250.308
/var/folders/6h/83xm7ljx4sz5njxdhkjsq53h0000gn/T/opencode/mpc-bench-arm64/corpus/odd_stereo_sine_44100-q5.mpc	simd	5	5226.543	5176.934	5305.098
/var/folders/6h/83xm7ljx4sz5njxdhkjsq53h0000gn/T/opencode/mpc-bench-arm64/corpus/odd_stereo_sine_44100-q7.mpc	scalar	5	2688.202	2651.378	2777.809
/var/folders/6h/83xm7ljx4sz5njxdhkjsq53h0000gn/T/opencode/mpc-bench-arm64/corpus/odd_stereo_sine_44100-q7.mpc	simd	5	4112.452	4035.016	4187.068
/var/folders/6h/83xm7ljx4sz5njxdhkjsq53h0000gn/T/opencode/mpc-bench-arm64/corpus/odd_stereo_sine_48000-q5.mpc	scalar	5	2944.093	2855.813	2964.458
/var/folders/6h/83xm7ljx4sz5njxdhkjsq53h0000gn/T/opencode/mpc-bench-arm64/corpus/odd_stereo_sine_48000-q5.mpc	simd	5	4954.634	4651.211	5016.774
/var/folders/6h/83xm7ljx4sz5njxdhkjsq53h0000gn/T/opencode/mpc-bench-arm64/corpus/odd_stereo_sine_48000-q7.mpc	scalar	5	2601.935	2539.172	2621.260
/var/folders/6h/83xm7ljx4sz5njxdhkjsq53h0000gn/T/opencode/mpc-bench-arm64/corpus/odd_stereo_sine_48000-q7.mpc	simd	5	4065.084	4005.382	4135.122
/var/folders/6h/83xm7ljx4sz5njxdhkjsq53h0000gn/T/opencode/mpc-bench-arm64/corpus/phase_inverted_32000-q5.mpc	scalar	5	4683.838	4137.931	4754.357
/var/folders/6h/83xm7ljx4sz5njxdhkjsq53h0000gn/T/opencode/mpc-bench-arm64/corpus/phase_inverted_32000-q5.mpc	simd	5	8287.294	8141.120	8450.712
/var/folders/6h/83xm7ljx4sz5njxdhkjsq53h0000gn/T/opencode/mpc-bench-arm64/corpus/phase_inverted_32000-q7.mpc	scalar	5	4059.540	3861.003	4146.511
/var/folders/6h/83xm7ljx4sz5njxdhkjsq53h0000gn/T/opencode/mpc-bench-arm64/corpus/phase_inverted_32000-q7.mpc	simd	5	6451.615	6437.761	6535.948
/var/folders/6h/83xm7ljx4sz5njxdhkjsq53h0000gn/T/opencode/mpc-bench-arm64/corpus/phase_inverted_44100-q5.mpc	scalar	5	3488.374	3316.750	3537.737
/var/folders/6h/83xm7ljx4sz5njxdhkjsq53h0000gn/T/opencode/mpc-bench-arm64/corpus/phase_inverted_44100-q5.mpc	simd	5	6191.952	6128.704	6315.788
/var/folders/6h/83xm7ljx4sz5njxdhkjsq53h0000gn/T/opencode/mpc-bench-arm64/corpus/phase_inverted_44100-q7.mpc	scalar	5	3100.775	3053.435	3186.404
/var/folders/6h/83xm7ljx4sz5njxdhkjsq53h0000gn/T/opencode/mpc-bench-arm64/corpus/phase_inverted_44100-q7.mpc	simd	5	5159.068	5033.558	5272.409
/var/folders/6h/83xm7ljx4sz5njxdhkjsq53h0000gn/T/opencode/mpc-bench-arm64/corpus/phase_inverted_48000-q5.mpc	scalar	5	3264.418	3176.283	3294.893
/var/folders/6h/83xm7ljx4sz5njxdhkjsq53h0000gn/T/opencode/mpc-bench-arm64/corpus/phase_inverted_48000-q5.mpc	simd	5	5708.852	5519.779	5791.506
/var/folders/6h/83xm7ljx4sz5njxdhkjsq53h0000gn/T/opencode/mpc-bench-arm64/corpus/phase_inverted_48000-q7.mpc	scalar	5	3024.195	2980.626	3048.780
/var/folders/6h/83xm7ljx4sz5njxdhkjsq53h0000gn/T/opencode/mpc-bench-arm64/corpus/phase_inverted_48000-q7.mpc	simd	5	5042.016	5008.348	5115.088
/var/folders/6h/83xm7ljx4sz5njxdhkjsq53h0000gn/T/opencode/mpc-bench-arm64/corpus/quiet_32000-q5.mpc	scalar	5	4654.770	4583.650	4735.594
/var/folders/6h/83xm7ljx4sz5njxdhkjsq53h0000gn/T/opencode/mpc-bench-arm64/corpus/quiet_32000-q5.mpc	simd	5	8053.693	7947.021	8230.450
/var/folders/6h/83xm7ljx4sz5njxdhkjsq53h0000gn/T/opencode/mpc-bench-arm64/corpus/quiet_32000-q7.mpc	scalar	5	2554.278	2544.529	2594.034
/var/folders/6h/83xm7ljx4sz5njxdhkjsq53h0000gn/T/opencode/mpc-bench-arm64/corpus/quiet_32000-q7.mpc	simd	5	3314.917	2912.622	3355.704
/var/folders/6h/83xm7ljx4sz5njxdhkjsq53h0000gn/T/opencode/mpc-bench-arm64/corpus/quiet_44100-q5.mpc	scalar	5	3331.483	3218.885	3374.579
/var/folders/6h/83xm7ljx4sz5njxdhkjsq53h0000gn/T/opencode/mpc-bench-arm64/corpus/quiet_44100-q5.mpc	simd	5	5725.188	5565.864	5741.628
/var/folders/6h/83xm7ljx4sz5njxdhkjsq53h0000gn/T/opencode/mpc-bench-arm64/corpus/quiet_44100-q7.mpc	scalar	5	2111.932	2090.592	2152.081
/var/folders/6h/83xm7ljx4sz5njxdhkjsq53h0000gn/T/opencode/mpc-bench-arm64/corpus/quiet_44100-q7.mpc	simd	5	2873.563	2818.225	2949.852
/var/folders/6h/83xm7ljx4sz5njxdhkjsq53h0000gn/T/opencode/mpc-bench-arm64/corpus/quiet_48000-q5.mpc	scalar	5	3252.031	3183.023	3266.194
/var/folders/6h/83xm7ljx4sz5njxdhkjsq53h0000gn/T/opencode/mpc-bench-arm64/corpus/quiet_48000-q5.mpc	simd	5	5808.324	5644.403	5842.261
/var/folders/6h/83xm7ljx4sz5njxdhkjsq53h0000gn/T/opencode/mpc-bench-arm64/corpus/quiet_48000-q7.mpc	scalar	5	2157.497	2116.402	2171.552
/var/folders/6h/83xm7ljx4sz5njxdhkjsq53h0000gn/T/opencode/mpc-bench-arm64/corpus/quiet_48000-q7.mpc	simd	5	3039.513	2976.190	3092.784
/var/folders/6h/83xm7ljx4sz5njxdhkjsq53h0000gn/T/opencode/mpc-bench-arm64/corpus/silence_32000-q5.mpc	scalar	5	5415.162	5319.150	5484.459
/var/folders/6h/83xm7ljx4sz5njxdhkjsq53h0000gn/T/opencode/mpc-bench-arm64/corpus/silence_32000-q5.mpc	simd	5	10582.013	10273.968	10772.005
/var/folders/6h/83xm7ljx4sz5njxdhkjsq53h0000gn/T/opencode/mpc-bench-arm64/corpus/silence_32000-q7.mpc	scalar	5	5400.536	5080.439	5509.641
/var/folders/6h/83xm7ljx4sz5njxdhkjsq53h0000gn/T/opencode/mpc-bench-arm64/corpus/silence_32000-q7.mpc	simd	5	10752.696	10563.378	10771.996
/var/folders/6h/83xm7ljx4sz5njxdhkjsq53h0000gn/T/opencode/mpc-bench-arm64/corpus/silence_44100-q5.mpc	scalar	5	3965.632	3828.972	4076.088
/var/folders/6h/83xm7ljx4sz5njxdhkjsq53h0000gn/T/opencode/mpc-bench-arm64/corpus/silence_44100-q5.mpc	simd	5	7957.558	7761.970	8010.682
/var/folders/6h/83xm7ljx4sz5njxdhkjsq53h0000gn/T/opencode/mpc-bench-arm64/corpus/silence_44100-q7.mpc	scalar	5	3984.064	3875.969	4021.447
/var/folders/6h/83xm7ljx4sz5njxdhkjsq53h0000gn/T/opencode/mpc-bench-arm64/corpus/silence_44100-q7.mpc	simd	5	7832.900	7731.956	7915.565
/var/folders/6h/83xm7ljx4sz5njxdhkjsq53h0000gn/T/opencode/mpc-bench-arm64/corpus/silence_48000-q5.mpc	scalar	5	3683.240	3629.764	3705.990
/var/folders/6h/83xm7ljx4sz5njxdhkjsq53h0000gn/T/opencode/mpc-bench-arm64/corpus/silence_48000-q5.mpc	simd	5	7317.071	7168.458	7326.004
/var/folders/6h/83xm7ljx4sz5njxdhkjsq53h0000gn/T/opencode/mpc-bench-arm64/corpus/silence_48000-q7.mpc	scalar	5	3610.108	3502.626	3665.242
/var/folders/6h/83xm7ljx4sz5njxdhkjsq53h0000gn/T/opencode/mpc-bench-arm64/corpus/silence_48000-q7.mpc	simd	5	7083.828	6993.014	7246.375
/var/folders/6h/83xm7ljx4sz5njxdhkjsq53h0000gn/T/opencode/mpc-bench-arm64/corpus/stereo_sine_32000-q5.mpc	scalar	5	4282.655	4175.365	4319.654
/var/folders/6h/83xm7ljx4sz5njxdhkjsq53h0000gn/T/opencode/mpc-bench-arm64/corpus/stereo_sine_32000-q5.mpc	simd	5	6864.987	6802.720	7067.140
/var/folders/6h/83xm7ljx4sz5njxdhkjsq53h0000gn/T/opencode/mpc-bench-arm64/corpus/stereo_sine_32000-q7.mpc	scalar	5	3320.421	3264.418	3380.281
/var/folders/6h/83xm7ljx4sz5njxdhkjsq53h0000gn/T/opencode/mpc-bench-arm64/corpus/stereo_sine_32000-q7.mpc	simd	5	4866.179	4784.690	5042.018
/var/folders/6h/83xm7ljx4sz5njxdhkjsq53h0000gn/T/opencode/mpc-bench-arm64/corpus/stereo_sine_44100-q5.mpc	scalar	5	3162.889	2529.511	3193.187
/var/folders/6h/83xm7ljx4sz5njxdhkjsq53h0000gn/T/opencode/mpc-bench-arm64/corpus/stereo_sine_44100-q5.mpc	simd	5	5319.150	5167.960	5366.728
/var/folders/6h/83xm7ljx4sz5njxdhkjsq53h0000gn/T/opencode/mpc-bench-arm64/corpus/stereo_sine_44100-q7.mpc	scalar	5	2689.376	2657.219	2799.814
/var/folders/6h/83xm7ljx4sz5njxdhkjsq53h0000gn/T/opencode/mpc-bench-arm64/corpus/stereo_sine_44100-q7.mpc	simd	5	4078.858	3898.635	4126.546
/var/folders/6h/83xm7ljx4sz5njxdhkjsq53h0000gn/T/opencode/mpc-bench-arm64/corpus/stereo_sine_48000-q5.mpc	scalar	5	2948.403	2931.118	3010.538
/var/folders/6h/83xm7ljx4sz5njxdhkjsq53h0000gn/T/opencode/mpc-bench-arm64/corpus/stereo_sine_48000-q5.mpc	simd	5	4874.085	4838.711	4991.679
/var/folders/6h/83xm7ljx4sz5njxdhkjsq53h0000gn/T/opencode/mpc-bench-arm64/corpus/stereo_sine_48000-q7.mpc	scalar	5	2600.781	2566.296	2658.396
/var/folders/6h/83xm7ljx4sz5njxdhkjsq53h0000gn/T/opencode/mpc-bench-arm64/corpus/stereo_sine_48000-q7.mpc	simd	5	3999.998	3816.793	4092.771
/var/folders/6h/83xm7ljx4sz5njxdhkjsq53h0000gn/T/opencode/mpc-bench-arm64/corpus/stereo_sine_short_32000-q5.mpc	scalar	5	2577.319	2475.246	2650.180
/var/folders/6h/83xm7ljx4sz5njxdhkjsq53h0000gn/T/opencode/mpc-bench-arm64/corpus/stereo_sine_short_32000-q5.mpc	simd	5	3571.433	3488.387	3658.538
/var/folders/6h/83xm7ljx4sz5njxdhkjsq53h0000gn/T/opencode/mpc-bench-arm64/corpus/stereo_sine_short_32000-q7.mpc	scalar	5	1978.893	1937.985	2066.115
/var/folders/6h/83xm7ljx4sz5njxdhkjsq53h0000gn/T/opencode/mpc-bench-arm64/corpus/stereo_sine_short_32000-q7.mpc	simd	5	2542.376	2419.355	2613.235
/var/folders/6h/83xm7ljx4sz5njxdhkjsq53h0000gn/T/opencode/mpc-bench-arm64/corpus/stereo_sine_short_44100-q5.mpc	scalar	5	2450.988	2388.527	2459.022
/var/folders/6h/83xm7ljx4sz5njxdhkjsq53h0000gn/T/opencode/mpc-bench-arm64/corpus/stereo_sine_short_44100-q5.mpc	simd	5	3640.774	3623.197	3712.869
/var/folders/6h/83xm7ljx4sz5njxdhkjsq53h0000gn/T/opencode/mpc-bench-arm64/corpus/stereo_sine_short_44100-q7.mpc	scalar	5	1861.040	1815.980	1903.552
/var/folders/6h/83xm7ljx4sz5njxdhkjsq53h0000gn/T/opencode/mpc-bench-arm64/corpus/stereo_sine_short_44100-q7.mpc	simd	5	2516.775	2373.421	2586.212
/var/folders/6h/83xm7ljx4sz5njxdhkjsq53h0000gn/T/opencode/mpc-bench-arm64/corpus/stereo_sine_short_48000-q5.mpc	scalar	5	2321.979	2199.413	2329.198
/var/folders/6h/83xm7ljx4sz5njxdhkjsq53h0000gn/T/opencode/mpc-bench-arm64/corpus/stereo_sine_short_48000-q5.mpc	simd	5	3488.372	2688.176	3504.669
/var/folders/6h/83xm7ljx4sz5njxdhkjsq53h0000gn/T/opencode/mpc-bench-arm64/corpus/stereo_sine_short_48000-q7.mpc	scalar	5	1865.670	1626.898	1893.938
/var/folders/6h/83xm7ljx4sz5njxdhkjsq53h0000gn/T/opencode/mpc-bench-arm64/corpus/stereo_sine_short_48000-q7.mpc	simd	5	2516.771	1893.941	2669.039
/var/folders/6h/83xm7ljx4sz5njxdhkjsq53h0000gn/T/opencode/mpc-bench-arm64/corpus/transient_attack_32000-q5.mpc	scalar	5	4698.515	4511.277	4746.834
/var/folders/6h/83xm7ljx4sz5njxdhkjsq53h0000gn/T/opencode/mpc-bench-arm64/corpus/transient_attack_32000-q5.mpc	simd	5	8163.268	6984.868	8241.753
/var/folders/6h/83xm7ljx4sz5njxdhkjsq53h0000gn/T/opencode/mpc-bench-arm64/corpus/transient_attack_32000-q7.mpc	scalar	5	3222.341	3037.975	3335.186
/var/folders/6h/83xm7ljx4sz5njxdhkjsq53h0000gn/T/opencode/mpc-bench-arm64/corpus/transient_attack_32000-q7.mpc	simd	5	4694.834	4615.386	4862.238
/var/folders/6h/83xm7ljx4sz5njxdhkjsq53h0000gn/T/opencode/mpc-bench-arm64/corpus/transient_attack_44100-q5.mpc	scalar	5	3468.208	3389.831	3498.542
/var/folders/6h/83xm7ljx4sz5njxdhkjsq53h0000gn/T/opencode/mpc-bench-arm64/corpus/transient_attack_44100-q5.mpc	simd	5	6042.294	5876.591	6054.491
/var/folders/6h/83xm7ljx4sz5njxdhkjsq53h0000gn/T/opencode/mpc-bench-arm64/corpus/transient_attack_44100-q7.mpc	scalar	5	2717.391	2658.396	2718.622
/var/folders/6h/83xm7ljx4sz5njxdhkjsq53h0000gn/T/opencode/mpc-bench-arm64/corpus/transient_attack_44100-q7.mpc	simd	5	4045.852	4008.016	4101.160
/var/folders/6h/83xm7ljx4sz5njxdhkjsq53h0000gn/T/opencode/mpc-bench-arm64/corpus/transient_attack_48000-q5.mpc	scalar	5	3159.558	3050.331	3229.278
/var/folders/6h/83xm7ljx4sz5njxdhkjsq53h0000gn/T/opencode/mpc-bench-arm64/corpus/transient_attack_48000-q5.mpc	simd	5	5665.720	5305.038	5736.140
/var/folders/6h/83xm7ljx4sz5njxdhkjsq53h0000gn/T/opencode/mpc-bench-arm64/corpus/transient_attack_48000-q7.mpc	scalar	5	2522.068	2441.009	2561.913
/var/folders/6h/83xm7ljx4sz5njxdhkjsq53h0000gn/T/opencode/mpc-bench-arm64/corpus/transient_attack_48000-q7.mpc	simd	5	3908.794	3821.655	3947.370
/var/folders/6h/83xm7ljx4sz5njxdhkjsq53h0000gn/T/opencode/mpc-bench-arm64/corpus/uncorrelated_noise_32000-q5.mpc	scalar	5	2474.226	2444.988	2511.512
/var/folders/6h/83xm7ljx4sz5njxdhkjsq53h0000gn/T/opencode/mpc-bench-arm64/corpus/uncorrelated_noise_32000-q5.mpc	simd	5	3340.757	3285.870	3363.229
/var/folders/6h/83xm7ljx4sz5njxdhkjsq53h0000gn/T/opencode/mpc-bench-arm64/corpus/uncorrelated_noise_32000-q7.mpc	scalar	5	2331.909	2238.806	2352.941
/var/folders/6h/83xm7ljx4sz5njxdhkjsq53h0000gn/T/opencode/mpc-bench-arm64/corpus/uncorrelated_noise_32000-q7.mpc	simd	5	2964.427	2808.989	3007.518
/var/folders/6h/83xm7ljx4sz5njxdhkjsq53h0000gn/T/opencode/mpc-bench-arm64/corpus/uncorrelated_noise_44100-q5.mpc	scalar	5	1949.951	1889.764	1990.710
/var/folders/6h/83xm7ljx4sz5njxdhkjsq53h0000gn/T/opencode/mpc-bench-arm64/corpus/uncorrelated_noise_44100-q5.mpc	simd	5	2616.659	2507.313	2629.272
/var/folders/6h/83xm7ljx4sz5njxdhkjsq53h0000gn/T/opencode/mpc-bench-arm64/corpus/uncorrelated_noise_44100-q7.mpc	scalar	5	1680.202	1639.792	1757.984
/var/folders/6h/83xm7ljx4sz5njxdhkjsq53h0000gn/T/opencode/mpc-bench-arm64/corpus/uncorrelated_noise_44100-q7.mpc	simd	5	2205.882	2068.253	2209.944
/var/folders/6h/83xm7ljx4sz5njxdhkjsq53h0000gn/T/opencode/mpc-bench-arm64/corpus/uncorrelated_noise_48000-q5.mpc	scalar	5	1882.058	1815.431	1904.762
/var/folders/6h/83xm7ljx4sz5njxdhkjsq53h0000gn/T/opencode/mpc-bench-arm64/corpus/uncorrelated_noise_48000-q5.mpc	simd	5	2333.722	2101.576	2582.867
/var/folders/6h/83xm7ljx4sz5njxdhkjsq53h0000gn/T/opencode/mpc-bench-arm64/corpus/uncorrelated_noise_48000-q7.mpc	scalar	5	1588.983	1575.630	1625.576
/var/folders/6h/83xm7ljx4sz5njxdhkjsq53h0000gn/T/opencode/mpc-bench-arm64/corpus/uncorrelated_noise_48000-q7.mpc	simd	5	1978.892	1964.637	2051.984
/var/folders/6h/83xm7ljx4sz5njxdhkjsq53h0000gn/T/opencode/mpc-bench-arm64/fixtures/sine32-q8.mpc	scalar	5	2105.263	1910.828	2111.189
/var/folders/6h/83xm7ljx4sz5njxdhkjsq53h0000gn/T/opencode/mpc-bench-arm64/fixtures/sine32-q8.mpc	simd	5	2546.690	2252.252	2636.203
/var/folders/6h/83xm7ljx4sz5njxdhkjsq53h0000gn/T/opencode/mpc-bench-arm64/fixtures/sine37-q4.mpc	scalar	5	2159.827	2136.752	2247.190
/var/folders/6h/83xm7ljx4sz5njxdhkjsq53h0000gn/T/opencode/mpc-bench-arm64/fixtures/sine37-q4.mpc	simd	5	2851.711	2830.190	2870.814
/var/folders/6h/83xm7ljx4sz5njxdhkjsq53h0000gn/T/opencode/mpc-bench-arm64/fixtures/sine44-q5-48s.mpc	scalar	5	3148.160	2268.109	3161.431
/var/folders/6h/83xm7ljx4sz5njxdhkjsq53h0000gn/T/opencode/mpc-bench-arm64/fixtures/sine44-q5-48s.mpc	simd	5	5160.551	5101.318	5169.072
/var/folders/6h/83xm7ljx4sz5njxdhkjsq53h0000gn/T/opencode/mpc-bench-arm64/fixtures/sine44-q5.mpc	scalar	5	1930.502	1807.229	1969.796
/var/folders/6h/83xm7ljx4sz5njxdhkjsq53h0000gn/T/opencode/mpc-bench-arm64/fixtures/sine44-q5.mpc	simd	5	2561.913	2448.979	2586.208
/var/folders/6h/83xm7ljx4sz5njxdhkjsq53h0000gn/T/opencode/mpc-bench-arm64/fixtures/sine44-q7.mpc	scalar	5	1733.102	1723.148	1761.597
/var/folders/6h/83xm7ljx4sz5njxdhkjsq53h0000gn/T/opencode/mpc-bench-arm64/fixtures/sine44-q7.mpc	simd	5	2201.027	2192.983	2269.290
/var/folders/6h/83xm7ljx4sz5njxdhkjsq53h0000gn/T/opencode/mpc-bench-arm64/fixtures/sine48-q6.mpc	scalar	5	1741.149	1590.668	1788.909
/var/folders/6h/83xm7ljx4sz5njxdhkjsq53h0000gn/T/opencode/mpc-bench-arm64/fixtures/sine48-q6.mpc	simd	5	2354.788	2212.389	2375.297
__all__	scalar	680	3116.073	702.083	5509.641
__all__	simd	680	5014.626	728.509	10772.005
